,,,Dynasty Nerds,ESPN,,PFF,,FantasyPros Dynasty,,
Team Rank,Pos.,Player,Rank,Rank,Overall Rank,Rank,Overall Rank,Rank,Overall Rank,Tier (Position)
1,QB,Jalen Hurts,4,4,27,4,32,5,42,2
2,QB,Drake Maye,11,11,75,14,101,11,70,3
3,QB,Bo Nix,12,8,65,8,77,9,69,3
4,QB,Kyler Murray,13,10,74,9,81,12,73,3
5,QB,Michael Penix Jr.,21,16,104,23,141,20,127,4
6,QB,Anthony Richardson,28,25,167,26,179,26,148,5
1,RB,Jahmyr Gibbs,2,2,3,3,11,2,6,1
2,RB,Breece Hall,4,9,30,12,31,7,22,2
3,RB,Jonathan Taylor,10,7,17,7,25,6,20,2
4,RB,Bucky Irving,11,10,31,5,14,8,27,2
5,RB,Josh Jacobx,15,12,35,18,52,12,36,3
6,RB,Chase Brown,17,19,69,17,47,13,46,3
7,RB,Alvin Kamara,23,16,64,25,80,21,71,4
8,RB,Brian Robinson Jr.,31,33,109,27,87,24,88,4
9,RB,D'Andre Swift,32,22,83,38,115,33,116,5
1,WR,Amon-Ra St. Brown,3,5,7,7,10,5,7,2
2,WR,Rom Odunze,14,23,44,26,53,20,37,4
3,WR,Tee Higgins,15,15,33,14,27,15,26,3
4,WR,Ladd McConkey,16,12,24,10,17,11,17,3
5,WR,Jaylen Waddle,21,29,58,28,56,26,49,4
6,WR,DK Metcalf,24,35,72,32,63,24,47,4
7,WR,Brandon Aiyuk,30,41,81,36,71,29,59,4
8,WR,Tyreek Hill,34,34,71,38,73,30,60,5
9,WR,Cooper Kupp,44,52,113,59,146,50,117,6
10,WR,Josh Downs,48,49,106,49,108,38,81,5
11,WR,DeMario Douglas,76,80,183,78,190,78,193,8
1,TE,Sam LaPorta,3,3,40,3,39,3,39,1
2,TE,Mark Andrews,10,8,63,10,94,8,80,2
3,TE,Kyle Pitts,12,14,127,13,123,13,101,3
4,TE,Pat Freiermuth,23,18,147,23,198,18,132,4
1,K,Chase McLaughlin,-,-,-,-,-,26,370,5
1,DST,Denver,-,-,-,-,-,3,269,1
